{"cameraMode":{"drawMode":0,"name":"Shaded","section":"Shading Mode"},"sceneLighting":false,"audioPlay":false,"sceneViewState":{"showFog":true,"showMaterialUpdate":false,"showSkybox":true,"showFlares":true,"showImageEffects":true,"showParticleSystems":true},"in2DMode":false,"pivot":{"x":82.82180786132813,"y":28.74425506591797,"z":36.3340950012207},"rotation":{"x":-0.005240847822278738,"y":-0.9921376705169678,"z":0.11692481487989426,"w":-0.04441561549901962},"size":4.94498348236084,"orthographic":false}