{"cameraMode":{"drawMode":0,"name":"Shaded","section":"Shading Mode"},"sceneLighting":true,"audioPlay":false,"sceneViewState":{"showFog":true,"showMaterialUpdate":false,"showSkybox":true,"showFlares":true,"showImageEffects":true,"showParticleSystems":true},"in2DMode":false,"pivot":{"x":-6.12068510055542,"y":-11.229728698730469,"z":15.920782089233399},"rotation":{"x":-0.046047717332839969,"y":-0.9110525250434876,"z":0.395766019821167,"w":-0.10600892454385758},"size":19.698562622070314,"orthographic":false}